id,name,type1,type2,hp,attack,defense,sp_attack,sp_defense,speed,height_m,weight_kg,evo_stage,is_final,legendary,family
1,Bulbasaur,grass,poison,45,49,49,65,65,45,0.7,6.9,1,0,0,1
2,Ivysaur,grass,poison,60,62,63,80,80,60,1.0,13.0,2,0,0,1
3,Venusaur,grass,poison,80,82,83,100,100,80,2.0,100.0,3,1,0,1
4,Charmander,fire,,39,52,43,60,50,65,0.6,8.5,1,0,0,2
5,Charmeleon,fire,,58,64,58,80,65,80,1.1,19.0,2,0,0,2
6,Charizard,fire,flying,78,84,78,109,85,100,1.7,90.5,3,1,0,2
7,Squirtle,water,,44,48,65,50,64,43,0.5,9.0,1,0,0,3
8,Wartortle,water,,59,63,80,65,80,58,1.0,22.5,2,0,0,3
9,Blastoise,water,,79,83,100,85,105,78,1.6,85.5,3,1,0,3
10,Caterpie,bug,,45,30,35,20,20,45,0.3,2.9,1,0,0,4
11,Metapod,bug,,50,20,55,25,25,30,0.7,9.9,2,0,0,4
12,Butterfree,bug,flying,60,45,50,90,80,70,1.1,32.0,3,1,0,4
13,Weedle,bug,poison,40,35,30,20,20,50,0.3,3.2,1,0,0,5
14,Kakuna,bug,poison,45,25,50,25,25,35,0.6,10.0,2,0,0,5
15,Beedrill,bug,poison,65,90,40,45,80,75,1.0,29.5,3,1,0,5
16,Pidgey,normal,flying,40,45,40,35,35,56,0.3,1.8,1,0,0,6
17,Pidgeotto,normal,flying,63,60,55,50,50,71,1.1,30.0,2,0,0,6
18,Pidgeot,normal,flying,83,80,75,70,70,101,1.5,39.5,3,1,0,6
19,Rattata,normal,,30,56,35,25,35,72,0.3,3.5,1,0,0,7
20,Raticate,normal,,55,81,60,50,70,97,0.7,18.5,2,1,0,7
21,Spearow,normal,flying,40,60,30,31,31,70,0.3,2.0,1,0,0,8
22,Fearow,normal,flying,65,90,65,61,61,100,1.2,38.0,2,1,0,8
23,Ekans,poison,,35,60,44,40,54,55,2.0,6.9,1,0,0,9
24,Arbok,poison,,60,95,69,65,79,80,3.5,65.0,2,1,0,9
25,Pikachu,electric,,35,55,40,50,50,90,0.4,6.0,1,0,0,10
26,Raichu,electric,,60,90,55,90,80,110,0.8,30.0,2,1,0,10
27,Sandshrew,ground,,50,75,85,20,30,40,0.6,12.0,1,0,0,11
28,Sandslash,ground,,75,100,110,45,55,65,1.0,29.5,2,1,0,11
29,Nidoran♀,poison,,55,47,52,40,40,41,0.4,7.0,1,0,0,12
30,Nidorina,poison,,70,62,67,55,55,56,0.8,20.0,2,0,0,12
31,Nidoqueen,poison,ground,90,92,87,75,85,76,1.3,60.0,3,1,0,12
32,Nidoran♂,poison,,46,57,40,40,40,50,0.5,9.0,1,0,0,13
33,Nidorino,poison,,61,72,57,55,55,65,0.9,19.5,2,0,0,13
34,Nidoking,poison,ground,81,102,77,85,75,85,1.4,62.0,3,1,0,13
35,Clefairy,fairy,,70,45,48,60,65,35,0.6,7.5,1,0,0,14
36,Clefable,fairy,,95,70,73,95,90,60,1.3,40.0,2,1,0,14
37,Vulpix,fire,,38,41,40,50,65,65,0.6,9.9,1,0,0,15
38,Ninetales,fire,,73,76,75,81,100,100,1.1,19.9,2,1,0,15
39,Jigglypuff,normal,fairy,115,45,20,45,25,20,0.5,5.5,1,0,0,16
40,Wigglytuff,normal,fairy,140,70,45,85,50,45,1.0,12.0,2,1,0,16
41,Zubat,poison,flying,40,45,35,30,40,55,0.8,7.5,1,0,0,17
42,Golbat,poison,flying,75,80,70,65,75,90,1.6,55.0,2,1,0,17
43,Oddish,grass,poison,45,50,55,75,65,30,0.5,5.4,1,0,0,18
44,Gloom,grass,poison,60,65,70,85,75,40,0.8,8.6,2,0,0,18
45,Vileplume,grass,poison,75,80,85,110,90,50,1.2,18.6,3,1,0,18
46,Paras,bug,grass,35,70,55,45,55,25,0.3,5.4,1,0,0,19
47,Parasect,bug,grass,60,95,80,60,80,30,1.0,29.5,2,1,0,19
48,Venonat,bug,poison,60,55,50,40,55,45,1.0,30.0,1,0,0,20
49,Venomoth,bug,poison,70,65,60,90,75,90,1.5,12.5,2,1,0,20
50,Diglett,ground,,10,55,25,35,45,95,0.2,0.8,1,0,0,21
51,Dugtrio,ground,,35,100,50,50,70,120,0.7,33.3,2,1,0,21
52,Meowth,normal,,40,45,35,40,40,90,0.4,4.2,1,0,0,22
53,Persian,normal,,65,70,60,65,65,115,1.0,32.0,2,1,0,22
54,Psyduck,water,,50,52,48,65,50,55,0.8,19.6,1,0,0,23
55,Golduck,water,,80,82,78,95,80,85,1.7,76.6,2,1,0,23
56,Mankey,fighting,,40,80,35,35,45,70,0.5,28.0,1,0,0,24
57,Primeape,fighting,,65,105,60,60,70,95,1.0,32.0,2,1,0,24
58,Growlithe,fire,,55,70,45,70,50,60,0.7,19.0,1,0,0,25
59,Arcanine,fire,,90,110,80,100,80,95,1.9,155.0,2,1,0,25
60,Poliwag,water,,40,50,40,40,40,90,0.6,12.4,1,0,0,26
61,Poliwhirl,water,,65,65,65,50,50,90,1.0,20.0,2,0,0,26
62,Poliwrath,water,fighting,90,95,95,70,90,70,1.3,54.0,3,1,0,26
63,Abra,psychic,,25,20,15,105,55,90,0.9,19.5,1,0,0,27
64,Kadabra,psychic,,40,35,30,120,70,105,1.3,56.5,2,0,0,27
65,Alakazam,psychic,,55,50,45,135,95,120,1.5,48.0,3,1,0,27
66,Machop,fighting,,70,80,50,35,35,35,0.8,19.5,1,0,0,28
67,Machoke,fighting,,80,100,70,50,60,45,1.5,70.5,2,0,0,28
68,Machamp,fighting,,90,130,80,65,85,55,1.6,130.0,3,1,0,28
69,Bellsprout,grass,poison,50,75,35,70,30,40,0.7,4.0,1,0,0,29
70,Weepinbell,grass,poison,65,90,50,85,45,55,1.0,6.4,2,0,0,29
71,Victreebel,grass,poison,80,105,65,100,70,70,1.7,15.5,3,1,0,29
72,Tentacool,water,poison,40,40,35,50,100,70,0.9,45.5,1,0,0,30
73,Tentacruel,water,poison,80,70,65,80,120,100,1.6,55.0,2,1,0,30
74,Geodude,rock,ground,40,80,100,30,30,20,0.4,20.0,1,0,0,31
75,Graveler,rock,ground,55,95,115,45,45,35,1.0,105.0,2,0,0,31
76,Golem,rock,ground,80,120,130,55,65,45,1.4,300.0,3,1,0,31
77,Ponyta,fire,,50,85,55,65,65,90,1.0,30.0,1,0,0,32
78,Rapidash,fire,,65,100,70,80,80,105,1.7,95.0,2,1,0,32
79,Slowpoke,water,psychic,90,65,65,40,40,15,1.2,36.0,1,0,0,33
80,Slowbro,water,psychic,95,75,110,100,80,30,1.6,78.5,2,1,0,33
81,Magnemite,electric,steel,25,35,70,95,55,45,0.3,6.0,1,0,0,34
82,Magneton,electric,steel,50,60,95,120,70,70,1.0,60.0,2,1,0,34
83,Farfetch’d,normal,flying,52,90,55,58,62,60,0.8,15.0,1,1,0,35
84,Doduo,normal,flying,35,85,45,35,35,75,1.4,39.2,1,0,0,36
85,Dodrio,normal,flying,60,110,70,60,60,110,1.8,85.2,2,1,0,36
86,Seel,water,,65,45,55,45,70,45,1.1,90.0,1,0,0,37
87,Dewgong,water,ice,90,70,80,70,95,70,1.7,120.0,2,1,0,37
88,Grimer,poison,,80,80,50,40,50,25,0.9,30.0,1,0,0,38
89,Muk,poison,,105,105,75,65,100,50,1.2,30.0,2,1,0,38
90,Shellder,water,,30,65,100,45,25,40,0.3,4.0,1,0,0,39
91,Cloyster,water,ice,50,95,180,85,45,70,1.5,132.5,2,1,0,39
92,Gastly,ghost,poison,30,35,30,100,35,80,1.3,0.1,1,0,0,40
93,Haunter,ghost,poison,45,50,45,115,55,95,1.6,0.1,2,0,0,40
94,Gengar,ghost,poison,60,65,60,130,75,110,1.5,40.5,3,1,0,40
95,Onix,rock,ground,35,45,160,30,45,70,8.8,210.0,1,1,0,41
96,Drowzee,psychic,,60,48,45,43,90,42,1.0,32.4,1,0,0,42
97,Hypno,psychic,,85,73,70,73,115,67,1.6,75.6,2,1,0,42
98,Krabby,water,,30,105,90,25,25,50,0.4,6.5,1,0,0,43
99,Kingler,water,,55,130,115,50,50,75,1.3,60.0,2,1,0,43
100,Voltorb,electric,,40,30,50,55,55,100,0.5,10.4,1,0,0,44
101,Electrode,electric,,60,50,70,80,80,150,1.2,66.6,2,1,0,44
102,Exeggcute,grass,psychic,60,40,80,60,45,40,0.4,2.5,1,0,0,45
103,Exeggutor,grass,psychic,95,95,85,125,75,55,2.0,120.0,2,1,0,45
104,Cubone,ground,,50,50,95,40,50,35,0.4,6.5,1,0,0,46
105,Marowak,ground,,60,80,110,50,80,45,1.0,45.0,2,1,0,46
106,Hitmonlee,fighting,,50,120,53,35,110,87,1.5,49.8,1,1,0,47
107,Hitmonchan,fighting,,50,105,79,35,110,76,1.4,50.2,1,1,0,47
108,Lickitung,normal,,90,55,75,60,75,30,1.2,65.5,1,1,0,48
109,Koffing,poison,,40,65,95,60,45,35,0.6,1.0,1,0,0,49
110,Weezing,poison,,65,90,120,85,70,60,1.2,9.5,2,1,0,49
111,Rhyhorn,ground,rock,80,85,95,30,30,25,1.0,115.0,1,0,0,50
112,Rhydon,ground,rock,105,130,120,45,45,40,1.9,120.0,2,1,0,50
113,Chansey,normal,,250,5,5,35,105,50,1.1,34.6,1,1,0,51
114,Tangela,grass,,65,55,115,100,40,60,1.0,35.0,1,1,0,52
115,Kangaskhan,normal,,105,95,80,40,80,90,2.2,80.0,1,1,0,53
116,Horsea,water,,30,40,70,70,25,60,0.4,8.0,1,0,0,54
117,Seadra,water,,55,65,95,95,45,85,1.2,25.0,2,1,0,54
118,Goldeen,water,,45,67,60,35,50,63,0.6,15.0,1,0,0,55
119,Seaking,water,,80,92,65,65,80,68,1.3,39.0,2,1,0,55
120,Staryu,water,,30,45,55,70,55,85,0.8,34.5,1,0,0,56
121,Starmie,water,psychic,60,75,85,100,85,115,1.1,80.0,2,1,0,56
122,Mr. Mime,psychic,fairy,40,45,65,100,120,90,1.3,54.5,1,1,0,57
123,Scyther,bug,flying,70,110,80,55,80,105,1.5,56.0,1,1,0,58
124,Jynx,ice,psychic,65,50,35,115,95,95,1.4,40.6,1,1,0,59
125,Electabuzz,electric,,65,83,57,95,85,105,1.1,30.0,1,1,0,60
126,Magmar,fire,,65,95,57,100,85,93,1.3,44.5,1,1,0,61
127,Pinsir,bug,,65,125,100,55,70,85,1.5,55.0,1,1,0,62
128,Tauros,normal,,75,100,95,40,70,110,1.4,88.4,1,1,0,63
129,Magikarp,water,,20,10,55,15,20,80,0.9,10.0,1,0,0,64
130,Gyarados,water,flying,95,125,79,60,100,81,6.5,235.0,2,1,0,64
131,Lapras,water,ice,130,85,80,85,95,60,2.5,220.0,1,1,0,65
132,Ditto,normal,,48,48,48,48,48,48,0.3,4.0,1,1,0,66
133,Eevee,normal,,55,55,50,45,65,55,0.3,6.5,1,0,0,67
134,Vaporeon,water,,130,65,60,110,95,65,1.0,29.0,2,1,0,67
135,Jolteon,electric,,65,65,60,110,95,130,0.8,24.5,2,1,0,67
136,Flareon,fire,,65,130,60,95,110,65,0.9,25.0,2,1,0,67
137,Porygon,normal,,65,60,70,85,75,40,0.8,36.5,1,1,0,68
138,Omanyte,rock,water,35,40,100,90,55,35,0.4,7.5,1,0,0,69
139,Omastar,rock,water,70,60,125,115,70,55,1.0,35.0,2,1,0,69
140,Kabuto,rock,water,30,80,90,55,45,55,0.5,11.5,1,0,0,70
141,Kabutops,rock,water,60,115,105,65,70,80,1.3,40.5,2,1,0,70
142,Aerodactyl,rock,flying,80,105,65,60,75,130,1.8,59.0,1,1,0,71
143,Snorlax,normal,,160,110,65,65,110,30,2.1,460.0,1,1,0,72
144,Articuno,ice,flying,90,85,100,95,125,85,1.7,55.4,1,1,1,73
145,Zapdos,electric,flying,90,90,85,125,90,100,1.6,52.6,1,1,1,74
146,Moltres,fire,flying,90,100,90,125,85,90,2.0,60.0,1,1,1,75
147,Dratini,dragon,,41,64,45,50,50,50,1.8,3.3,1,0,0,76
148,Dragonair,dragon,,61,84,65,70,70,70,4.0,16.5,2,0,0,76
149,Dragonite,dragon,flying,91,134,95,100,100,80,2.2,210.0,3,1,0,76
150,Mewtwo,psychic,,106,110,90,154,90,130,2.0,122.0,1,1,1,77
151,Mew,psychic,,100,100,100,100,100,100,0.4,4.0,1,1,1,78
